,model,hidden_layer_sizes,activation,solver,alpha,score
959,nn_regressor,"(200, 100, 50, 25)",tanh,adam,10.0,0.7368421052631579
630,nn_regressor,"(100, 50, 25, 10)",logistic,sgd,0.04281332398719392,0.7368421052631579
628,nn_regressor,"(100, 50, 25, 10)",logistic,sgd,0.012742749857031334,0.7368421052631579
627,nn_regressor,"(100, 50, 25, 10)",logistic,sgd,0.0069519279617756054,0.7368421052631579
626,nn_regressor,"(100, 50, 25, 10)",logistic,sgd,0.00379269019073225,0.7368421052631579
625,nn_regressor,"(100, 50, 25, 10)",logistic,sgd,0.00206913808111479,0.7368421052631579
623,nn_regressor,"(100, 50, 25, 10)",logistic,sgd,0.0006158482110660267,0.7368421052631579
622,nn_regressor,"(100, 50, 25, 10)",logistic,sgd,0.0003359818286283781,0.7368421052631579
621,nn_regressor,"(100, 50, 25, 10)",logistic,sgd,0.00018329807108324357,0.7368421052631579
620,nn_regressor,"(100, 50, 25, 10)",logistic,sgd,0.0001,0.7368421052631579
875,nn_regressor,"(200, 100, 50, 25)",logistic,sgd,0.8858667904100823,0.7368421052631579
874,nn_regressor,"(200, 100, 50, 25)",logistic,sgd,0.4832930238571752,0.7368421052631579
873,nn_regressor,"(200, 100, 50, 25)",logistic,sgd,0.26366508987303583,0.7368421052631579
872,nn_regressor,"(200, 100, 50, 25)",logistic,sgd,0.14384498882876628,0.7368421052631579
871,nn_regressor,"(200, 100, 50, 25)",logistic,sgd,0.07847599703514607,0.7368421052631579
870,nn_regressor,"(200, 100, 50, 25)",logistic,sgd,0.04281332398719392,0.7368421052631579
869,nn_regressor,"(200, 100, 50, 25)",logistic,sgd,0.023357214690901212,0.7368421052631579
868,nn_regressor,"(200, 100, 50, 25)",logistic,sgd,0.012742749857031334,0.7368421052631579
867,nn_regressor,"(200, 100, 50, 25)",logistic,sgd,0.0069519279617756054,0.7368421052631579
866,nn_regressor,"(200, 100, 50, 25)",logistic,sgd,0.00379269019073225,0.7368421052631579
865,nn_regressor,"(200, 100, 50, 25)",logistic,sgd,0.00206913808111479,0.7368421052631579
864,nn_regressor,"(200, 100, 50, 25)",logistic,sgd,0.0011288378916846883,0.7368421052631579
863,nn_regressor,"(200, 100, 50, 25)",logistic,sgd,0.0006158482110660267,0.7368421052631579
862,nn_regressor,"(200, 100, 50, 25)",logistic,sgd,0.0003359818286283781,0.7368421052631579
861,nn_regressor,"(200, 100, 50, 25)",logistic,sgd,0.00018329807108324357,0.7368421052631579
860,nn_regressor,"(200, 100, 50, 25)",logistic,sgd,0.0001,0.7368421052631579
96,nn_regressor,"(80, 20, 40, 5)",relu,sgd,1.623776739188721,0.7368421052631579
587,nn_regressor,"(100, 50, 25, 10)",relu,adam,0.0069519279617756054,0.7368421052631579
588,nn_regressor,"(100, 50, 25, 10)",relu,adam,0.012742749857031334,0.7368421052631579
590,nn_regressor,"(100, 50, 25, 10)",relu,adam,0.04281332398719392,0.7368421052631579
816,nn_regressor,"(200, 100, 50, 25)",relu,sgd,1.623776739188721,0.7368421052631579
629,nn_regressor,"(100, 50, 25, 10)",logistic,sgd,0.023357214690901212,0.7368421052631579
624,nn_regressor,"(100, 50, 25, 10)",logistic,sgd,0.0011288378916846883,0.7368421052631579
635,nn_regressor,"(100, 50, 25, 10)",logistic,sgd,0.8858667904100823,0.7368421052631579
577,nn_regressor,"(100, 50, 25, 10)",relu,sgd,2.9763514416313193,0.7368421052631579
636,nn_regressor,"(100, 50, 25, 10)",logistic,sgd,1.623776739188721,0.7368421052631579
634,nn_regressor,"(100, 50, 25, 10)",logistic,sgd,0.4832930238571752,0.7368421052631579
366,nn_regressor,"(75, 30, 50, 10, 3)",logistic,lbfgs,0.00379269019073225,0.7368421052631579
633,nn_regressor,"(100, 50, 25, 10)",logistic,sgd,0.26366508987303583,0.7368421052631579
355,nn_regressor,"(75, 30, 50, 10, 3)",relu,adam,0.8858667904100823,0.7368421052631579
631,nn_regressor,"(100, 50, 25, 10)",logistic,sgd,0.07847599703514607,0.7368421052631579
353,nn_regressor,"(75, 30, 50, 10, 3)",relu,adam,0.26366508987303583,0.7368421052631579
352,nn_regressor,"(75, 30, 50, 10, 3)",relu,adam,0.14384498882876628,0.7368421052631579
579,nn_regressor,"(100, 50, 25, 10)",relu,sgd,10.0,0.7368421052631579
632,nn_regressor,"(100, 50, 25, 10)",logistic,sgd,0.14384498882876628,0.7368421052631579
598,nn_regressor,"(100, 50, 25, 10)",relu,adam,5.455594781168514,0.6842105263157895
95,nn_regressor,"(80, 20, 40, 5)",relu,sgd,0.8858667904100823,0.6842105263157895
599,nn_regressor,"(100, 50, 25, 10)",relu,adam,10.0,0.6842105263157895
347,nn_regressor,"(75, 30, 50, 10, 3)",relu,adam,0.0069519279617756054,0.6842105263157895
344,nn_regressor,"(75, 30, 50, 10, 3)",relu,adam,0.0011288378916846883,0.6842105263157895
802,nn_regressor,"(200, 100, 50, 25)",relu,sgd,0.0003359818286283781,0.6842105263157895
113,nn_regressor,"(80, 20, 40, 5)",relu,adam,0.26366508987303583,0.6842105263157895
348,nn_regressor,"(75, 30, 50, 10, 3)",relu,adam,0.012742749857031334,0.6842105263157895
807,nn_regressor,"(200, 100, 50, 25)",relu,sgd,0.0069519279617756054,0.6842105263157895
603,nn_regressor,"(100, 50, 25, 10)",logistic,lbfgs,0.0006158482110660267,0.6842105263157895
349,nn_regressor,"(75, 30, 50, 10, 3)",relu,adam,0.023357214690901212,0.6842105263157895
811,nn_regressor,"(200, 100, 50, 25)",relu,sgd,0.07847599703514607,0.6842105263157895
812,nn_regressor,"(200, 100, 50, 25)",relu,sgd,0.14384498882876628,0.6842105263157895
597,nn_regressor,"(100, 50, 25, 10)",relu,adam,2.9763514416313193,0.6842105263157895
351,nn_regressor,"(75, 30, 50, 10, 3)",relu,adam,0.07847599703514607,0.6842105263157895
819,nn_regressor,"(200, 100, 50, 25)",relu,sgd,10.0,0.6842105263157895
596,nn_regressor,"(100, 50, 25, 10)",relu,adam,1.623776739188721,0.6842105263157895
97,nn_regressor,"(80, 20, 40, 5)",relu,sgd,2.9763514416313193,0.6842105263157895
354,nn_regressor,"(75, 30, 50, 10, 3)",relu,adam,0.4832930238571752,0.6842105263157895
340,nn_regressor,"(75, 30, 50, 10, 3)",relu,adam,0.0001,0.6842105263157895
619,nn_regressor,"(100, 50, 25, 10)",logistic,lbfgs,10.0,0.6842105263157895
116,nn_regressor,"(80, 20, 40, 5)",relu,adam,1.623776739188721,0.6842105263157895
459,nn_regressor,"(75, 30, 50, 10, 3)",tanh,sgd,10.0,0.6842105263157895
118,nn_regressor,"(80, 20, 40, 5)",relu,adam,5.455594781168514,0.6842105263157895
594,nn_regressor,"(100, 50, 25, 10)",relu,adam,0.4832930238571752,0.6842105263157895
104,nn_regressor,"(80, 20, 40, 5)",relu,adam,0.0011288378916846883,0.6842105263157895
119,nn_regressor,"(80, 20, 40, 5)",relu,adam,10.0,0.6842105263157895
219,nn_regressor,"(80, 20, 40, 5)",tanh,sgd,10.0,0.6842105263157895
719,nn_regressor,"(100, 50, 25, 10)",tanh,adam,10.0,0.6842105263157895
359,nn_regressor,"(75, 30, 50, 10, 3)",relu,adam,10.0,0.6842105263157895
699,nn_regressor,"(100, 50, 25, 10)",tanh,sgd,10.0,0.6842105263157895
716,nn_regressor,"(100, 50, 25, 10)",tanh,adam,1.623776739188721,0.6842105263157895
358,nn_regressor,"(75, 30, 50, 10, 3)",relu,adam,5.455594781168514,0.6842105263157895
357,nn_regressor,"(75, 30, 50, 10, 3)",relu,adam,2.9763514416313193,0.6842105263157895
718,nn_regressor,"(100, 50, 25, 10)",tanh,adam,5.455594781168514,0.6842105263157895
595,nn_regressor,"(100, 50, 25, 10)",relu,adam,0.8858667904100823,0.6842105263157895
839,nn_regressor,"(200, 100, 50, 25)",relu,adam,10.0,0.6842105263157895
81,nn_regressor,"(80, 20, 40, 5)",relu,sgd,0.00018329807108324357,0.6842105263157895
580,nn_regressor,"(100, 50, 25, 10)",relu,adam,0.0001,0.6842105263157895
893,nn_regressor,"(200, 100, 50, 25)",logistic,adam,0.26366508987303583,0.6842105263157895
894,nn_regressor,"(200, 100, 50, 25)",logistic,adam,0.4832930238571752,0.6842105263157895
895,nn_regressor,"(200, 100, 50, 25)",logistic,adam,0.8858667904100823,0.6842105263157895
80,nn_regressor,"(80, 20, 40, 5)",relu,sgd,0.0001,0.6842105263157895
920,nn_regressor,"(200, 100, 50, 25)",tanh,sgd,0.0001,0.6842105263157895
921,nn_regressor,"(200, 100, 50, 25)",tanh,sgd,0.00018329807108324357,0.6842105263157895
922,nn_regressor,"(200, 100, 50, 25)",tanh,sgd,0.0003359818286283781,0.6842105263157895
923,nn_regressor,"(200, 100, 50, 25)",tanh,sgd,0.0006158482110660267,0.6842105263157895
924,nn_regressor,"(200, 100, 50, 25)",tanh,sgd,0.0011288378916846883,0.6842105263157895
925,nn_regressor,"(200, 100, 50, 25)",tanh,sgd,0.00206913808111479,0.6842105263157895
926,nn_regressor,"(200, 100, 50, 25)",tanh,sgd,0.00379269019073225,0.6842105263157895
927,nn_regressor,"(200, 100, 50, 25)",tanh,sgd,0.0069519279617756054,0.6842105263157895
928,nn_regressor,"(200, 100, 50, 25)",tanh,sgd,0.012742749857031334,0.6842105263157895
929,nn_regressor,"(200, 100, 50, 25)",tanh,sgd,0.023357214690901212,0.6842105263157895
930,nn_regressor,"(200, 100, 50, 25)",tanh,sgd,0.04281332398719392,0.6842105263157895
931,nn_regressor,"(200, 100, 50, 25)",tanh,sgd,0.07847599703514607,0.6842105263157895
932,nn_regressor,"(200, 100, 50, 25)",tanh,sgd,0.14384498882876628,0.6842105263157895
933,nn_regressor,"(200, 100, 50, 25)",tanh,sgd,0.26366508987303583,0.6842105263157895
934,nn_regressor,"(200, 100, 50, 25)",tanh,sgd,0.4832930238571752,0.6842105263157895
935,nn_regressor,"(200, 100, 50, 25)",tanh,sgd,0.8858667904100823,0.6842105263157895
936,nn_regressor,"(200, 100, 50, 25)",tanh,sgd,1.623776739188721,0.6842105263157895
937,nn_regressor,"(200, 100, 50, 25)",tanh,sgd,2.9763514416313193,0.6842105263157895
938,nn_regressor,"(200, 100, 50, 25)",tanh,sgd,5.455594781168514,0.6842105263157895
939,nn_regressor,"(200, 100, 50, 25)",tanh,sgd,10.0,0.6842105263157895
576,nn_regressor,"(100, 50, 25, 10)",relu,sgd,1.623776739188721,0.6842105263157895
575,nn_regressor,"(100, 50, 25, 10)",relu,sgd,0.8858667904100823,0.6842105263157895
958,nn_regressor,"(200, 100, 50, 25)",tanh,adam,5.455594781168514,0.6842105263157895
892,nn_regressor,"(200, 100, 50, 25)",logistic,adam,0.14384498882876628,0.6842105263157895
578,nn_regressor,"(100, 50, 25, 10)",relu,sgd,5.455594781168514,0.6842105263157895
890,nn_regressor,"(200, 100, 50, 25)",logistic,adam,0.04281332398719392,0.6842105263157895
876,nn_regressor,"(200, 100, 50, 25)",logistic,sgd,1.623776739188721,0.6842105263157895
591,nn_regressor,"(100, 50, 25, 10)",relu,adam,0.07847599703514607,0.6842105263157895
589,nn_regressor,"(100, 50, 25, 10)",relu,adam,0.023357214690901212,0.6842105263157895
425,nn_regressor,"(75, 30, 50, 10, 3)",tanh,lbfgs,0.00206913808111479,0.6842105263157895
848,nn_regressor,"(200, 100, 50, 25)",logistic,lbfgs,0.012742749857031334,0.6842105263157895
586,nn_regressor,"(100, 50, 25, 10)",relu,adam,0.00379269019073225,0.6842105263157895
592,nn_regressor,"(100, 50, 25, 10)",relu,adam,0.14384498882876628,0.6842105263157895
581,nn_regressor,"(100, 50, 25, 10)",relu,adam,0.00018329807108324357,0.6842105263157895
584,nn_regressor,"(100, 50, 25, 10)",relu,adam,0.0011288378916846883,0.6842105263157895
583,nn_regressor,"(100, 50, 25, 10)",relu,adam,0.0006158482110660267,0.6842105263157895
859,nn_regressor,"(200, 100, 50, 25)",logistic,lbfgs,10.0,0.6842105263157895
838,nn_regressor,"(200, 100, 50, 25)",relu,adam,5.455594781168514,0.6842105263157895
883,nn_regressor,"(200, 100, 50, 25)",logistic,adam,0.0006158482110660267,0.6842105263157895
882,nn_regressor,"(200, 100, 50, 25)",logistic,adam,0.0003359818286283781,0.6842105263157895
888,nn_regressor,"(200, 100, 50, 25)",logistic,adam,0.012742749857031334,0.6842105263157895
887,nn_regressor,"(200, 100, 50, 25)",logistic,adam,0.0069519279617756054,0.6842105263157895
886,nn_regressor,"(200, 100, 50, 25)",logistic,adam,0.00379269019073225,0.6842105263157895
885,nn_regressor,"(200, 100, 50, 25)",logistic,adam,0.00206913808111479,0.6842105263157895
884,nn_regressor,"(200, 100, 50, 25)",logistic,adam,0.0011288378916846883,0.6842105263157895
841,nn_regressor,"(200, 100, 50, 25)",logistic,lbfgs,0.00018329807108324357,0.6842105263157895
881,nn_regressor,"(200, 100, 50, 25)",logistic,adam,0.00018329807108324357,0.6842105263157895
880,nn_regressor,"(200, 100, 50, 25)",logistic,adam,0.0001,0.6842105263157895
593,nn_regressor,"(100, 50, 25, 10)",relu,adam,0.26366508987303583,0.6842105263157895
540,nn_regressor,"(100, 50, 25, 10)",relu,lbfgs,0.0001,0.631578947368421
343,nn_regressor,"(75, 30, 50, 10, 3)",relu,adam,0.0006158482110660267,0.631578947368421
154,nn_regressor,"(80, 20, 40, 5)",logistic,sgd,0.4832930238571752,0.631578947368421
339,nn_regressor,"(75, 30, 50, 10, 3)",relu,sgd,10.0,0.631578947368421
342,nn_regressor,"(75, 30, 50, 10, 3)",relu,adam,0.0003359818286283781,0.631578947368421
350,nn_regressor,"(75, 30, 50, 10, 3)",relu,adam,0.04281332398719392,0.631578947368421
585,nn_regressor,"(100, 50, 25, 10)",relu,adam,0.00206913808111479,0.631578947368421
337,nn_regressor,"(75, 30, 50, 10, 3)",relu,sgd,2.9763514416313193,0.631578947368421
194,nn_regressor,"(80, 20, 40, 5)",tanh,lbfgs,0.4832930238571752,0.631578947368421
602,nn_regressor,"(100, 50, 25, 10)",logistic,lbfgs,0.0003359818286283781,0.631578947368421
717,nn_regressor,"(100, 50, 25, 10)",tanh,adam,2.9763514416313193,0.631578947368421
715,nn_regressor,"(100, 50, 25, 10)",tanh,adam,0.8858667904100823,0.631578947368421
613,nn_regressor,"(100, 50, 25, 10)",logistic,lbfgs,0.26366508987303583,0.631578947368421
302,nn_regressor,"(75, 30, 50, 10, 3)",relu,lbfgs,0.0003359818286283781,0.631578947368421
637,nn_regressor,"(100, 50, 25, 10)",logistic,sgd,2.9763514416313193,0.631578947368421
582,nn_regressor,"(100, 50, 25, 10)",relu,adam,0.0003359818286283781,0.631578947368421
155,nn_regressor,"(80, 20, 40, 5)",logistic,sgd,0.8858667904100823,0.631578947368421
140,nn_regressor,"(80, 20, 40, 5)",logistic,sgd,0.0001,0.631578947368421
153,nn_regressor,"(80, 20, 40, 5)",logistic,sgd,0.26366508987303583,0.631578947368421
131,nn_regressor,"(80, 20, 40, 5)",logistic,lbfgs,0.07847599703514607,0.631578947368421
797,nn_regressor,"(200, 100, 50, 25)",relu,lbfgs,2.9763514416313193,0.631578947368421
98,nn_regressor,"(80, 20, 40, 5)",relu,sgd,5.455594781168514,0.631578947368421
99,nn_regressor,"(80, 20, 40, 5)",relu,sgd,10.0,0.631578947368421
101,nn_regressor,"(80, 20, 40, 5)",relu,adam,0.00018329807108324357,0.631578947368421
102,nn_regressor,"(80, 20, 40, 5)",relu,adam,0.0003359818286283781,0.631578947368421
103,nn_regressor,"(80, 20, 40, 5)",relu,adam,0.0006158482110660267,0.631578947368421
105,nn_regressor,"(80, 20, 40, 5)",relu,adam,0.00206913808111479,0.631578947368421
106,nn_regressor,"(80, 20, 40, 5)",relu,adam,0.00379269019073225,0.631578947368421
107,nn_regressor,"(80, 20, 40, 5)",relu,adam,0.0069519279617756054,0.631578947368421
109,nn_regressor,"(80, 20, 40, 5)",relu,adam,0.023357214690901212,0.631578947368421
369,nn_regressor,"(75, 30, 50, 10, 3)",logistic,lbfgs,0.023357214690901212,0.631578947368421
112,nn_regressor,"(80, 20, 40, 5)",relu,adam,0.14384498882876628,0.631578947368421
114,nn_regressor,"(80, 20, 40, 5)",relu,adam,0.4832930238571752,0.631578947368421
115,nn_regressor,"(80, 20, 40, 5)",relu,adam,0.8858667904100823,0.631578947368421
117,nn_regressor,"(80, 20, 40, 5)",relu,adam,2.9763514416313193,0.631578947368421
364,nn_regressor,"(75, 30, 50, 10, 3)",logistic,lbfgs,0.0011288378916846883,0.631578947368421
362,nn_regressor,"(75, 30, 50, 10, 3)",logistic,lbfgs,0.0003359818286283781,0.631578947368421
152,nn_regressor,"(80, 20, 40, 5)",logistic,sgd,0.14384498882876628,0.631578947368421
129,nn_regressor,"(80, 20, 40, 5)",logistic,lbfgs,0.023357214690901212,0.631578947368421
800,nn_regressor,"(200, 100, 50, 25)",relu,sgd,0.0001,0.631578947368421
806,nn_regressor,"(200, 100, 50, 25)",relu,sgd,0.00379269019073225,0.631578947368421
373,nn_regressor,"(75, 30, 50, 10, 3)",logistic,lbfgs,0.26366508987303583,0.631578947368421
877,nn_regressor,"(200, 100, 50, 25)",logistic,sgd,2.9763514416313193,0.631578947368421
957,nn_regressor,"(200, 100, 50, 25)",tanh,adam,2.9763514416313193,0.631578947368421
956,nn_regressor,"(200, 100, 50, 25)",tanh,adam,1.623776739188721,0.631578947368421
955,nn_regressor,"(200, 100, 50, 25)",tanh,adam,0.8858667904100823,0.631578947368421
898,nn_regressor,"(200, 100, 50, 25)",logistic,adam,5.455594781168514,0.631578947368421
897,nn_regressor,"(200, 100, 50, 25)",logistic,adam,2.9763514416313193,0.631578947368421
896,nn_regressor,"(200, 100, 50, 25)",logistic,adam,1.623776739188721,0.631578947368421
891,nn_regressor,"(200, 100, 50, 25)",logistic,adam,0.07847599703514607,0.631578947368421
889,nn_regressor,"(200, 100, 50, 25)",logistic,adam,0.023357214690901212,0.631578947368421
858,nn_regressor,"(200, 100, 50, 25)",logistic,lbfgs,5.455594781168514,0.631578947368421
434,nn_regressor,"(75, 30, 50, 10, 3)",tanh,lbfgs,0.4832930238571752,0.631578947368421
851,nn_regressor,"(200, 100, 50, 25)",logistic,lbfgs,0.07847599703514607,0.631578947368421
850,nn_regressor,"(200, 100, 50, 25)",logistic,lbfgs,0.04281332398719392,0.631578947368421
849,nn_regressor,"(200, 100, 50, 25)",logistic,lbfgs,0.023357214690901212,0.631578947368421
845,nn_regressor,"(200, 100, 50, 25)",logistic,lbfgs,0.00206913808111479,0.631578947368421
377,nn_regressor,"(75, 30, 50, 10, 3)",logistic,lbfgs,2.9763514416313193,0.631578947368421
843,nn_regressor,"(200, 100, 50, 25)",logistic,lbfgs,0.0006158482110660267,0.631578947368421
433,nn_regressor,"(75, 30, 50, 10, 3)",tanh,lbfgs,0.26366508987303583,0.631578947368421
836,nn_regressor,"(200, 100, 50, 25)",relu,adam,1.623776739188721,0.631578947368421
130,nn_regressor,"(80, 20, 40, 5)",logistic,lbfgs,0.04281332398719392,0.631578947368421
565,nn_regressor,"(100, 50, 25, 10)",relu,sgd,0.00206913808111479,0.631578947368421
356,nn_regressor,"(75, 30, 50, 10, 3)",relu,adam,1.623776739188721,0.631578947368421
147,nn_regressor,"(80, 20, 40, 5)",logistic,sgd,0.0069519279617756054,0.631578947368421
141,nn_regressor,"(80, 20, 40, 5)",logistic,sgd,0.00018329807108324357,0.631578947368421
142,nn_regressor,"(80, 20, 40, 5)",logistic,sgd,0.0003359818286283781,0.631578947368421
143,nn_regressor,"(80, 20, 40, 5)",logistic,sgd,0.0006158482110660267,0.631578947368421
144,nn_regressor,"(80, 20, 40, 5)",logistic,sgd,0.0011288378916846883,0.631578947368421
145,nn_regressor,"(80, 20, 40, 5)",logistic,sgd,0.00206913808111479,0.631578947368421
146,nn_regressor,"(80, 20, 40, 5)",logistic,sgd,0.00379269019073225,0.631578947368421
139,nn_regressor,"(80, 20, 40, 5)",logistic,lbfgs,10.0,0.631578947368421
148,nn_regressor,"(80, 20, 40, 5)",logistic,sgd,0.012742749857031334,0.631578947368421
149,nn_regressor,"(80, 20, 40, 5)",logistic,sgd,0.023357214690901212,0.631578947368421
150,nn_regressor,"(80, 20, 40, 5)",logistic,sgd,0.04281332398719392,0.631578947368421
151,nn_regressor,"(80, 20, 40, 5)",logistic,sgd,0.07847599703514607,0.631578947368421
486,nn_regressor,"(100, 50, 25, 10)",identity,lbfgs,0.00379269019073225,0.5789473684210527
537,nn_regressor,"(100, 50, 25, 10)",identity,adam,2.9763514416313193,0.5789473684210527
495,nn_regressor,"(100, 50, 25, 10)",identity,lbfgs,0.8858667904100823,0.5789473684210527
496,nn_regressor,"(100, 50, 25, 10)",identity,lbfgs,1.623776739188721,0.5789473684210527
538,nn_regressor,"(100, 50, 25, 10)",identity,adam,5.455594781168514,0.5789473684210527
497,nn_regressor,"(100, 50, 25, 10)",identity,lbfgs,2.9763514416313193,0.5789473684210527
498,nn_regressor,"(100, 50, 25, 10)",identity,lbfgs,5.455594781168514,0.5789473684210527
536,nn_regressor,"(100, 50, 25, 10)",identity,adam,1.623776739188721,0.5789473684210527
494,nn_regressor,"(100, 50, 25, 10)",identity,lbfgs,0.4832930238571752,0.5789473684210527
535,nn_regressor,"(100, 50, 25, 10)",identity,adam,0.8858667904100823,0.5789473684210527
499,nn_regressor,"(100, 50, 25, 10)",identity,lbfgs,10.0,0.5789473684210527
534,nn_regressor,"(100, 50, 25, 10)",identity,adam,0.4832930238571752,0.5789473684210527
533,nn_regressor,"(100, 50, 25, 10)",identity,adam,0.26366508987303583,0.5789473684210527
457,nn_regressor,"(75, 30, 50, 10, 3)",tanh,sgd,2.9763514416313193,0.5789473684210527
493,nn_regressor,"(100, 50, 25, 10)",identity,lbfgs,0.26366508987303583,0.5789473684210527
562,nn_regressor,"(100, 50, 25, 10)",relu,sgd,0.0003359818286283781,0.5789473684210527
485,nn_regressor,"(100, 50, 25, 10)",identity,lbfgs,0.00206913808111479,0.5789473684210527
492,nn_regressor,"(100, 50, 25, 10)",identity,lbfgs,0.14384498882876628,0.5789473684210527
491,nn_regressor,"(100, 50, 25, 10)",identity,lbfgs,0.07847599703514607,0.5789473684210527
428,nn_regressor,"(75, 30, 50, 10, 3)",tanh,lbfgs,0.012742749857031334,0.5789473684210527
490,nn_regressor,"(100, 50, 25, 10)",identity,lbfgs,0.04281332398719392,0.5789473684210527
458,nn_regressor,"(75, 30, 50, 10, 3)",tanh,sgd,5.455594781168514,0.5789473684210527
426,nn_regressor,"(75, 30, 50, 10, 3)",tanh,lbfgs,0.00379269019073225,0.5789473684210527
488,nn_regressor,"(100, 50, 25, 10)",identity,lbfgs,0.012742749857031334,0.5789473684210527
539,nn_regressor,"(100, 50, 25, 10)",identity,adam,10.0,0.5789473684210527
424,nn_regressor,"(75, 30, 50, 10, 3)",tanh,lbfgs,0.0011288378916846883,0.5789473684210527
487,nn_regressor,"(100, 50, 25, 10)",identity,lbfgs,0.0069519279617756054,0.5789473684210527
489,nn_regressor,"(100, 50, 25, 10)",identity,lbfgs,0.023357214690901212,0.5789473684210527
501,nn_regressor,"(100, 50, 25, 10)",identity,sgd,0.00018329807108324357,0.5789473684210527
500,nn_regressor,"(100, 50, 25, 10)",identity,sgd,0.0001,0.5789473684210527
521,nn_regressor,"(100, 50, 25, 10)",identity,adam,0.00018329807108324357,0.5789473684210527
527,nn_regressor,"(100, 50, 25, 10)",identity,adam,0.0069519279617756054,0.5789473684210527
526,nn_regressor,"(100, 50, 25, 10)",identity,adam,0.00379269019073225,0.5789473684210527
525,nn_regressor,"(100, 50, 25, 10)",identity,adam,0.00206913808111479,0.5789473684210527
524,nn_regressor,"(100, 50, 25, 10)",identity,adam,0.0011288378916846883,0.5789473684210527
523,nn_regressor,"(100, 50, 25, 10)",identity,adam,0.0006158482110660267,0.5789473684210527
484,nn_regressor,"(100, 50, 25, 10)",identity,lbfgs,0.0011288378916846883,0.5789473684210527
522,nn_regressor,"(100, 50, 25, 10)",identity,adam,0.0003359818286283781,0.5789473684210527
520,nn_regressor,"(100, 50, 25, 10)",identity,adam,0.0001,0.5789473684210527
483,nn_regressor,"(100, 50, 25, 10)",identity,lbfgs,0.0006158482110660267,0.5789473684210527
519,nn_regressor,"(100, 50, 25, 10)",identity,sgd,10.0,0.5789473684210527
518,nn_regressor,"(100, 50, 25, 10)",identity,sgd,5.455594781168514,0.5789473684210527
517,nn_regressor,"(100, 50, 25, 10)",identity,sgd,2.9763514416313193,0.5789473684210527
516,nn_regressor,"(100, 50, 25, 10)",identity,sgd,1.623776739188721,0.5789473684210527
515,nn_regressor,"(100, 50, 25, 10)",identity,sgd,0.8858667904100823,0.5789473684210527
514,nn_regressor,"(100, 50, 25, 10)",identity,sgd,0.4832930238571752,0.5789473684210527
566,nn_regressor,"(100, 50, 25, 10)",relu,sgd,0.00379269019073225,0.5789473684210527
513,nn_regressor,"(100, 50, 25, 10)",identity,sgd,0.26366508987303583,0.5789473684210527
529,nn_regressor,"(100, 50, 25, 10)",identity,adam,0.023357214690901212,0.5789473684210527
502,nn_regressor,"(100, 50, 25, 10)",identity,sgd,0.0003359818286283781,0.5789473684210527
509,nn_regressor,"(100, 50, 25, 10)",identity,sgd,0.023357214690901212,0.5789473684210527
503,nn_regressor,"(100, 50, 25, 10)",identity,sgd,0.0006158482110660267,0.5789473684210527
504,nn_regressor,"(100, 50, 25, 10)",identity,sgd,0.0011288378916846883,0.5789473684210527
505,nn_regressor,"(100, 50, 25, 10)",identity,sgd,0.00206913808111479,0.5789473684210527
506,nn_regressor,"(100, 50, 25, 10)",identity,sgd,0.00379269019073225,0.5789473684210527
507,nn_regressor,"(100, 50, 25, 10)",identity,sgd,0.0069519279617756054,0.5789473684210527
479,nn_regressor,"(75, 30, 50, 10, 3)",tanh,adam,10.0,0.5789473684210527
508,nn_regressor,"(100, 50, 25, 10)",identity,sgd,0.012742749857031334,0.5789473684210527
510,nn_regressor,"(100, 50, 25, 10)",identity,sgd,0.04281332398719392,0.5789473684210527
530,nn_regressor,"(100, 50, 25, 10)",identity,adam,0.04281332398719392,0.5789473684210527
511,nn_regressor,"(100, 50, 25, 10)",identity,sgd,0.07847599703514607,0.5789473684210527
1,nn_regressor,"(80, 20, 40, 5)",identity,lbfgs,0.00018329807108324357,0.5789473684210527
481,nn_regressor,"(100, 50, 25, 10)",identity,lbfgs,0.00018329807108324357,0.5789473684210527
482,nn_regressor,"(100, 50, 25, 10)",identity,lbfgs,0.0003359818286283781,0.5789473684210527
512,nn_regressor,"(100, 50, 25, 10)",identity,sgd,0.14384498882876628,0.5789473684210527
532,nn_regressor,"(100, 50, 25, 10)",identity,adam,0.14384498882876628,0.5789473684210527
531,nn_regressor,"(100, 50, 25, 10)",identity,adam,0.07847599703514607,0.5789473684210527
528,nn_regressor,"(100, 50, 25, 10)",identity,adam,0.012742749857031334,0.5789473684210527
724,nn_regressor,"(200, 100, 50, 25)",identity,lbfgs,0.0011288378916846883,0.5789473684210527
567,nn_regressor,"(100, 50, 25, 10)",relu,sgd,0.0069519279617756054,0.5789473684210527
753,nn_regressor,"(200, 100, 50, 25)",identity,sgd,0.26366508987303583,0.5789473684210527
763,nn_regressor,"(200, 100, 50, 25)",identity,adam,0.0006158482110660267,0.5789473684210527
762,nn_regressor,"(200, 100, 50, 25)",identity,adam,0.0003359818286283781,0.5789473684210527
761,nn_regressor,"(200, 100, 50, 25)",identity,adam,0.00018329807108324357,0.5789473684210527
760,nn_regressor,"(200, 100, 50, 25)",identity,adam,0.0001,0.5789473684210527
759,nn_regressor,"(200, 100, 50, 25)",identity,sgd,10.0,0.5789473684210527
758,nn_regressor,"(200, 100, 50, 25)",identity,sgd,5.455594781168514,0.5789473684210527
757,nn_regressor,"(200, 100, 50, 25)",identity,sgd,2.9763514416313193,0.5789473684210527
756,nn_regressor,"(200, 100, 50, 25)",identity,sgd,1.623776739188721,0.5789473684210527
755,nn_regressor,"(200, 100, 50, 25)",identity,sgd,0.8858667904100823,0.5789473684210527
754,nn_regressor,"(200, 100, 50, 25)",identity,sgd,0.4832930238571752,0.5789473684210527
752,nn_regressor,"(200, 100, 50, 25)",identity,sgd,0.14384498882876628,0.5789473684210527
569,nn_regressor,"(100, 50, 25, 10)",relu,sgd,0.023357214690901212,0.5789473684210527
751,nn_regressor,"(200, 100, 50, 25)",identity,sgd,0.07847599703514607,0.5789473684210527
750,nn_regressor,"(200, 100, 50, 25)",identity,sgd,0.04281332398719392,0.5789473684210527
749,nn_regressor,"(200, 100, 50, 25)",identity,sgd,0.023357214690901212,0.5789473684210527
748,nn_regressor,"(200, 100, 50, 25)",identity,sgd,0.012742749857031334,0.5789473684210527
747,nn_regressor,"(200, 100, 50, 25)",identity,sgd,0.0069519279617756054,0.5789473684210527
746,nn_regressor,"(200, 100, 50, 25)",identity,sgd,0.00379269019073225,0.5789473684210527
745,nn_regressor,"(200, 100, 50, 25)",identity,sgd,0.00206913808111479,0.5789473684210527
744,nn_regressor,"(200, 100, 50, 25)",identity,sgd,0.0011288378916846883,0.5789473684210527
743,nn_regressor,"(200, 100, 50, 25)",identity,sgd,0.0006158482110660267,0.5789473684210527
742,nn_regressor,"(200, 100, 50, 25)",identity,sgd,0.0003359818286283781,0.5789473684210527
764,nn_regressor,"(200, 100, 50, 25)",identity,adam,0.0011288378916846883,0.5789473684210527
765,nn_regressor,"(200, 100, 50, 25)",identity,adam,0.00206913808111479,0.5789473684210527
766,nn_regressor,"(200, 100, 50, 25)",identity,adam,0.00379269019073225,0.5789473684210527
767,nn_regressor,"(200, 100, 50, 25)",identity,adam,0.0069519279617756054,0.5789473684210527
853,nn_regressor,"(200, 100, 50, 25)",logistic,lbfgs,0.26366508987303583,0.5789473684210527
847,nn_regressor,"(200, 100, 50, 25)",logistic,lbfgs,0.0069519279617756054,0.5789473684210527
846,nn_regressor,"(200, 100, 50, 25)",logistic,lbfgs,0.00379269019073225,0.5789473684210527
844,nn_regressor,"(200, 100, 50, 25)",logistic,lbfgs,0.0011288378916846883,0.5789473684210527
840,nn_regressor,"(200, 100, 50, 25)",logistic,lbfgs,0.0001,0.5789473684210527
837,nn_regressor,"(200, 100, 50, 25)",relu,adam,2.9763514416313193,0.5789473684210527
825,nn_regressor,"(200, 100, 50, 25)",relu,adam,0.00206913808111479,0.5789473684210527
822,nn_regressor,"(200, 100, 50, 25)",relu,adam,0.0003359818286283781,0.5789473684210527
814,nn_regressor,"(200, 100, 50, 25)",relu,sgd,0.4832930238571752,0.5789473684210527
779,nn_regressor,"(200, 100, 50, 25)",identity,adam,10.0,0.5789473684210527
778,nn_regressor,"(200, 100, 50, 25)",identity,adam,5.455594781168514,0.5789473684210527
777,nn_regressor,"(200, 100, 50, 25)",identity,adam,2.9763514416313193,0.5789473684210527
776,nn_regressor,"(200, 100, 50, 25)",identity,adam,1.623776739188721,0.5789473684210527
775,nn_regressor,"(200, 100, 50, 25)",identity,adam,0.8858667904100823,0.5789473684210527
774,nn_regressor,"(200, 100, 50, 25)",identity,adam,0.4832930238571752,0.5789473684210527
773,nn_regressor,"(200, 100, 50, 25)",identity,adam,0.26366508987303583,0.5789473684210527
772,nn_regressor,"(200, 100, 50, 25)",identity,adam,0.14384498882876628,0.5789473684210527
771,nn_regressor,"(200, 100, 50, 25)",identity,adam,0.07847599703514607,0.5789473684210527
770,nn_regressor,"(200, 100, 50, 25)",identity,adam,0.04281332398719392,0.5789473684210527
769,nn_regressor,"(200, 100, 50, 25)",identity,adam,0.023357214690901212,0.5789473684210527
768,nn_regressor,"(200, 100, 50, 25)",identity,adam,0.012742749857031334,0.5789473684210527
741,nn_regressor,"(200, 100, 50, 25)",identity,sgd,0.00018329807108324357,0.5789473684210527
740,nn_regressor,"(200, 100, 50, 25)",identity,sgd,0.0001,0.5789473684210527
739,nn_regressor,"(200, 100, 50, 25)",identity,lbfgs,10.0,0.5789473684210527
653,nn_regressor,"(100, 50, 25, 10)",logistic,adam,0.26366508987303583,0.5789473684210527
651,nn_regressor,"(100, 50, 25, 10)",logistic,adam,0.07847599703514607,0.5789473684210527
650,nn_regressor,"(100, 50, 25, 10)",logistic,adam,0.04281332398719392,0.5789473684210527
649,nn_regressor,"(100, 50, 25, 10)",logistic,adam,0.023357214690901212,0.5789473684210527
648,nn_regressor,"(100, 50, 25, 10)",logistic,adam,0.012742749857031334,0.5789473684210527
647,nn_regressor,"(100, 50, 25, 10)",logistic,adam,0.0069519279617756054,0.5789473684210527
646,nn_regressor,"(100, 50, 25, 10)",logistic,adam,0.00379269019073225,0.5789473684210527
645,nn_regressor,"(100, 50, 25, 10)",logistic,adam,0.00206913808111479,0.5789473684210527
644,nn_regressor,"(100, 50, 25, 10)",logistic,adam,0.0011288378916846883,0.5789473684210527
643,nn_regressor,"(100, 50, 25, 10)",logistic,adam,0.0006158482110660267,0.5789473684210527
642,nn_regressor,"(100, 50, 25, 10)",logistic,adam,0.0003359818286283781,0.5789473684210527
641,nn_regressor,"(100, 50, 25, 10)",logistic,adam,0.00018329807108324357,0.5789473684210527
640,nn_regressor,"(100, 50, 25, 10)",logistic,adam,0.0001,0.5789473684210527
638,nn_regressor,"(100, 50, 25, 10)",logistic,sgd,5.455594781168514,0.5789473684210527
618,nn_regressor,"(100, 50, 25, 10)",logistic,lbfgs,5.455594781168514,0.5789473684210527
614,nn_regressor,"(100, 50, 25, 10)",logistic,lbfgs,0.4832930238571752,0.5789473684210527
612,nn_regressor,"(100, 50, 25, 10)",logistic,lbfgs,0.14384498882876628,0.5789473684210527
609,nn_regressor,"(100, 50, 25, 10)",logistic,lbfgs,0.023357214690901212,0.5789473684210527
606,nn_regressor,"(100, 50, 25, 10)",logistic,lbfgs,0.00379269019073225,0.5789473684210527
600,nn_regressor,"(100, 50, 25, 10)",logistic,lbfgs,0.0001,0.5789473684210527
572,nn_regressor,"(100, 50, 25, 10)",relu,sgd,0.14384498882876628,0.5789473684210527
571,nn_regressor,"(100, 50, 25, 10)",relu,sgd,0.07847599703514607,0.5789473684210527
652,nn_regressor,"(100, 50, 25, 10)",logistic,adam,0.14384498882876628,0.5789473684210527
654,nn_regressor,"(100, 50, 25, 10)",logistic,adam,0.4832930238571752,0.5789473684210527
738,nn_regressor,"(200, 100, 50, 25)",identity,lbfgs,5.455594781168514,0.5789473684210527
656,nn_regressor,"(100, 50, 25, 10)",logistic,adam,1.623776739188721,0.5789473684210527
737,nn_regressor,"(200, 100, 50, 25)",identity,lbfgs,2.9763514416313193,0.5789473684210527
736,nn_regressor,"(200, 100, 50, 25)",identity,lbfgs,1.623776739188721,0.5789473684210527
735,nn_regressor,"(200, 100, 50, 25)",identity,lbfgs,0.8858667904100823,0.5789473684210527
734,nn_regressor,"(200, 100, 50, 25)",identity,lbfgs,0.4832930238571752,0.5789473684210527
733,nn_regressor,"(200, 100, 50, 25)",identity,lbfgs,0.26366508987303583,0.5789473684210527
732,nn_regressor,"(200, 100, 50, 25)",identity,lbfgs,0.14384498882876628,0.5789473684210527
731,nn_regressor,"(200, 100, 50, 25)",identity,lbfgs,0.07847599703514607,0.5789473684210527
730,nn_regressor,"(200, 100, 50, 25)",identity,lbfgs,0.04281332398719392,0.5789473684210527
729,nn_regressor,"(200, 100, 50, 25)",identity,lbfgs,0.023357214690901212,0.5789473684210527
728,nn_regressor,"(200, 100, 50, 25)",identity,lbfgs,0.012742749857031334,0.5789473684210527
727,nn_regressor,"(200, 100, 50, 25)",identity,lbfgs,0.0069519279617756054,0.5789473684210527
726,nn_regressor,"(200, 100, 50, 25)",identity,lbfgs,0.00379269019073225,0.5789473684210527
725,nn_regressor,"(200, 100, 50, 25)",identity,lbfgs,0.00206913808111479,0.5789473684210527
400,nn_regressor,"(75, 30, 50, 10, 3)",logistic,adam,0.0001,0.5789473684210527
723,nn_regressor,"(200, 100, 50, 25)",identity,lbfgs,0.0006158482110660267,0.5789473684210527
722,nn_regressor,"(200, 100, 50, 25)",identity,lbfgs,0.0003359818286283781,0.5789473684210527
721,nn_regressor,"(200, 100, 50, 25)",identity,lbfgs,0.00018329807108324357,0.5789473684210527
720,nn_regressor,"(200, 100, 50, 25)",identity,lbfgs,0.0001,0.5789473684210527
698,nn_regressor,"(100, 50, 25, 10)",tanh,sgd,5.455594781168514,0.5789473684210527
697,nn_regressor,"(100, 50, 25, 10)",tanh,sgd,2.9763514416313193,0.5789473684210527
657,nn_regressor,"(100, 50, 25, 10)",logistic,adam,2.9763514416313193,0.5789473684210527
401,nn_regressor,"(75, 30, 50, 10, 3)",logistic,adam,0.00018329807108324357,0.5789473684210527
0,nn_regressor,"(80, 20, 40, 5)",identity,lbfgs,0.0001,0.5789473684210527
480,nn_regressor,"(100, 50, 25, 10)",identity,lbfgs,0.0001,0.5789473684210527
93,nn_regressor,"(80, 20, 40, 5)",relu,sgd,0.26366508987303583,0.5789473684210527
290,nn_regressor,"(75, 30, 50, 10, 3)",identity,adam,0.04281332398719392,0.5789473684210527
288,nn_regressor,"(75, 30, 50, 10, 3)",identity,adam,0.012742749857031334,0.5789473684210527
287,nn_regressor,"(75, 30, 50, 10, 3)",identity,adam,0.0069519279617756054,0.5789473684210527
286,nn_regressor,"(75, 30, 50, 10, 3)",identity,adam,0.00379269019073225,0.5789473684210527
285,nn_regressor,"(75, 30, 50, 10, 3)",identity,adam,0.00206913808111479,0.5789473684210527
284,nn_regressor,"(75, 30, 50, 10, 3)",identity,adam,0.0011288378916846883,0.5789473684210527
89,nn_regressor,"(80, 20, 40, 5)",relu,sgd,0.023357214690901212,0.5789473684210527
90,nn_regressor,"(80, 20, 40, 5)",relu,sgd,0.04281332398719392,0.5789473684210527
92,nn_regressor,"(80, 20, 40, 5)",relu,sgd,0.14384498882876628,0.5789473684210527
94,nn_regressor,"(80, 20, 40, 5)",relu,sgd,0.4832930238571752,0.5789473684210527
292,nn_regressor,"(75, 30, 50, 10, 3)",identity,adam,0.14384498882876628,0.5789473684210527
100,nn_regressor,"(80, 20, 40, 5)",relu,adam,0.0001,0.5789473684210527
283,nn_regressor,"(75, 30, 50, 10, 3)",identity,adam,0.0006158482110660267,0.5789473684210527
282,nn_regressor,"(75, 30, 50, 10, 3)",identity,adam,0.0003359818286283781,0.5789473684210527
281,nn_regressor,"(75, 30, 50, 10, 3)",identity,adam,0.00018329807108324357,0.5789473684210527
280,nn_regressor,"(75, 30, 50, 10, 3)",identity,adam,0.0001,0.5789473684210527
108,nn_regressor,"(80, 20, 40, 5)",relu,adam,0.012742749857031334,0.5789473684210527
279,nn_regressor,"(75, 30, 50, 10, 3)",identity,sgd,10.0,0.5789473684210527
278,nn_regressor,"(75, 30, 50, 10, 3)",identity,sgd,5.455594781168514,0.5789473684210527
277,nn_regressor,"(75, 30, 50, 10, 3)",identity,sgd,2.9763514416313193,0.5789473684210527
291,nn_regressor,"(75, 30, 50, 10, 3)",identity,adam,0.07847599703514607,0.5789473684210527
293,nn_regressor,"(75, 30, 50, 10, 3)",identity,adam,0.26366508987303583,0.5789473684210527
55,nn_regressor,"(80, 20, 40, 5)",identity,adam,0.8858667904100823,0.5789473684210527
327,nn_regressor,"(75, 30, 50, 10, 3)",relu,sgd,0.0069519279617756054,0.5789473684210527
56,nn_regressor,"(80, 20, 40, 5)",identity,adam,1.623776739188721,0.5789473684210527
57,nn_regressor,"(80, 20, 40, 5)",identity,adam,2.9763514416313193,0.5789473684210527
361,nn_regressor,"(75, 30, 50, 10, 3)",logistic,lbfgs,0.00018329807108324357,0.5789473684210527
58,nn_regressor,"(80, 20, 40, 5)",identity,adam,5.455594781168514,0.5789473684210527
346,nn_regressor,"(75, 30, 50, 10, 3)",relu,adam,0.00379269019073225,0.5789473684210527
345,nn_regressor,"(75, 30, 50, 10, 3)",relu,adam,0.00206913808111479,0.5789473684210527
341,nn_regressor,"(75, 30, 50, 10, 3)",relu,adam,0.00018329807108324357,0.5789473684210527
59,nn_regressor,"(80, 20, 40, 5)",identity,adam,10.0,0.5789473684210527
330,nn_regressor,"(75, 30, 50, 10, 3)",relu,sgd,0.04281332398719392,0.5789473684210527
82,nn_regressor,"(80, 20, 40, 5)",relu,sgd,0.0003359818286283781,0.5789473684210527
294,nn_regressor,"(75, 30, 50, 10, 3)",identity,adam,0.4832930238571752,0.5789473684210527
317,nn_regressor,"(75, 30, 50, 10, 3)",relu,lbfgs,2.9763514416313193,0.5789473684210527
83,nn_regressor,"(80, 20, 40, 5)",relu,sgd,0.0006158482110660267,0.5789473684210527
87,nn_regressor,"(80, 20, 40, 5)",relu,sgd,0.0069519279617756054,0.5789473684210527
88,nn_regressor,"(80, 20, 40, 5)",relu,sgd,0.012742749857031334,0.5789473684210527
299,nn_regressor,"(75, 30, 50, 10, 3)",identity,adam,10.0,0.5789473684210527
298,nn_regressor,"(75, 30, 50, 10, 3)",identity,adam,5.455594781168514,0.5789473684210527
297,nn_regressor,"(75, 30, 50, 10, 3)",identity,adam,2.9763514416313193,0.5789473684210527
296,nn_regressor,"(75, 30, 50, 10, 3)",identity,adam,1.623776739188721,0.5789473684210527
295,nn_regressor,"(75, 30, 50, 10, 3)",identity,adam,0.8858667904100823,0.5789473684210527
276,nn_regressor,"(75, 30, 50, 10, 3)",identity,sgd,1.623776739188721,0.5789473684210527
275,nn_regressor,"(75, 30, 50, 10, 3)",identity,sgd,0.8858667904100823,0.5789473684210527
274,nn_regressor,"(75, 30, 50, 10, 3)",identity,sgd,0.4832930238571752,0.5789473684210527
241,nn_regressor,"(75, 30, 50, 10, 3)",identity,lbfgs,0.00018329807108324357,0.5789473684210527
249,nn_regressor,"(75, 30, 50, 10, 3)",identity,lbfgs,0.023357214690901212,0.5789473684210527
111,nn_regressor,"(80, 20, 40, 5)",relu,adam,0.07847599703514607,0.5789473684210527
248,nn_regressor,"(75, 30, 50, 10, 3)",identity,lbfgs,0.012742749857031334,0.5789473684210527
247,nn_regressor,"(75, 30, 50, 10, 3)",identity,lbfgs,0.0069519279617756054,0.5789473684210527
246,nn_regressor,"(75, 30, 50, 10, 3)",identity,lbfgs,0.00379269019073225,0.5789473684210527
245,nn_regressor,"(75, 30, 50, 10, 3)",identity,lbfgs,0.00206913808111479,0.5789473684210527
244,nn_regressor,"(75, 30, 50, 10, 3)",identity,lbfgs,0.0011288378916846883,0.5789473684210527
243,nn_regressor,"(75, 30, 50, 10, 3)",identity,lbfgs,0.0006158482110660267,0.5789473684210527
242,nn_regressor,"(75, 30, 50, 10, 3)",identity,lbfgs,0.0003359818286283781,0.5789473684210527
240,nn_regressor,"(75, 30, 50, 10, 3)",identity,lbfgs,0.0001,0.5789473684210527
273,nn_regressor,"(75, 30, 50, 10, 3)",identity,sgd,0.26366508987303583,0.5789473684210527
138,nn_regressor,"(80, 20, 40, 5)",logistic,lbfgs,5.455594781168514,0.5789473684210527
156,nn_regressor,"(80, 20, 40, 5)",logistic,sgd,1.623776739188721,0.5789473684210527
218,nn_regressor,"(80, 20, 40, 5)",tanh,sgd,5.455594781168514,0.5789473684210527
216,nn_regressor,"(80, 20, 40, 5)",tanh,sgd,1.623776739188721,0.5789473684210527
172,nn_regressor,"(80, 20, 40, 5)",logistic,adam,0.14384498882876628,0.5789473684210527
173,nn_regressor,"(80, 20, 40, 5)",logistic,adam,0.26366508987303583,0.5789473684210527
174,nn_regressor,"(80, 20, 40, 5)",logistic,adam,0.4832930238571752,0.5789473684210527
180,nn_regressor,"(80, 20, 40, 5)",tanh,lbfgs,0.0001,0.5789473684210527
195,nn_regressor,"(80, 20, 40, 5)",tanh,lbfgs,0.8858667904100823,0.5789473684210527
250,nn_regressor,"(75, 30, 50, 10, 3)",identity,lbfgs,0.04281332398719392,0.5789473684210527
251,nn_regressor,"(75, 30, 50, 10, 3)",identity,lbfgs,0.07847599703514607,0.5789473684210527
252,nn_regressor,"(75, 30, 50, 10, 3)",identity,lbfgs,0.14384498882876628,0.5789473684210527
253,nn_regressor,"(75, 30, 50, 10, 3)",identity,lbfgs,0.26366508987303583,0.5789473684210527
272,nn_regressor,"(75, 30, 50, 10, 3)",identity,sgd,0.14384498882876628,0.5789473684210527
271,nn_regressor,"(75, 30, 50, 10, 3)",identity,sgd,0.07847599703514607,0.5789473684210527
270,nn_regressor,"(75, 30, 50, 10, 3)",identity,sgd,0.04281332398719392,0.5789473684210527
269,nn_regressor,"(75, 30, 50, 10, 3)",identity,sgd,0.023357214690901212,0.5789473684210527
268,nn_regressor,"(75, 30, 50, 10, 3)",identity,sgd,0.012742749857031334,0.5789473684210527
267,nn_regressor,"(75, 30, 50, 10, 3)",identity,sgd,0.0069519279617756054,0.5789473684210527
266,nn_regressor,"(75, 30, 50, 10, 3)",identity,sgd,0.00379269019073225,0.5789473684210527
265,nn_regressor,"(75, 30, 50, 10, 3)",identity,sgd,0.00206913808111479,0.5789473684210527
264,nn_regressor,"(75, 30, 50, 10, 3)",identity,sgd,0.0011288378916846883,0.5789473684210527
263,nn_regressor,"(75, 30, 50, 10, 3)",identity,sgd,0.0006158482110660267,0.5789473684210527
262,nn_regressor,"(75, 30, 50, 10, 3)",identity,sgd,0.0003359818286283781,0.5789473684210527
261,nn_regressor,"(75, 30, 50, 10, 3)",identity,sgd,0.00018329807108324357,0.5789473684210527
260,nn_regressor,"(75, 30, 50, 10, 3)",identity,sgd,0.0001,0.5789473684210527
259,nn_regressor,"(75, 30, 50, 10, 3)",identity,lbfgs,10.0,0.5789473684210527
258,nn_regressor,"(75, 30, 50, 10, 3)",identity,lbfgs,5.455594781168514,0.5789473684210527
257,nn_regressor,"(75, 30, 50, 10, 3)",identity,lbfgs,2.9763514416313193,0.5789473684210527
256,nn_regressor,"(75, 30, 50, 10, 3)",identity,lbfgs,1.623776739188721,0.5789473684210527
255,nn_regressor,"(75, 30, 50, 10, 3)",identity,lbfgs,0.8858667904100823,0.5789473684210527
254,nn_regressor,"(75, 30, 50, 10, 3)",identity,lbfgs,0.4832930238571752,0.5789473684210527
368,nn_regressor,"(75, 30, 50, 10, 3)",logistic,lbfgs,0.012742749857031334,0.5789473684210527
289,nn_regressor,"(75, 30, 50, 10, 3)",identity,adam,0.023357214690901212,0.5789473684210527
26,nn_regressor,"(80, 20, 40, 5)",identity,sgd,0.00379269019073225,0.5789473684210527
39,nn_regressor,"(80, 20, 40, 5)",identity,sgd,10.0,0.5789473684210527
21,nn_regressor,"(80, 20, 40, 5)",identity,sgd,0.00018329807108324357,0.5789473684210527
20,nn_regressor,"(80, 20, 40, 5)",identity,sgd,0.0001,0.5789473684210527
19,nn_regressor,"(80, 20, 40, 5)",identity,lbfgs,10.0,0.5789473684210527
41,nn_regressor,"(80, 20, 40, 5)",identity,adam,0.00018329807108324357,0.5789473684210527
17,nn_regressor,"(80, 20, 40, 5)",identity,lbfgs,2.9763514416313193,0.5789473684210527
16,nn_regressor,"(80, 20, 40, 5)",identity,lbfgs,1.623776739188721,0.5789473684210527
34,nn_regressor,"(80, 20, 40, 5)",identity,sgd,0.4832930238571752,0.5789473684210527
35,nn_regressor,"(80, 20, 40, 5)",identity,sgd,0.8858667904100823,0.5789473684210527
36,nn_regressor,"(80, 20, 40, 5)",identity,sgd,1.623776739188721,0.5789473684210527
15,nn_regressor,"(80, 20, 40, 5)",identity,lbfgs,0.8858667904100823,0.5789473684210527
40,nn_regressor,"(80, 20, 40, 5)",identity,adam,0.0001,0.5789473684210527
37,nn_regressor,"(80, 20, 40, 5)",identity,sgd,2.9763514416313193,0.5789473684210527
38,nn_regressor,"(80, 20, 40, 5)",identity,sgd,5.455594781168514,0.5789473684210527
376,nn_regressor,"(75, 30, 50, 10, 3)",logistic,lbfgs,1.623776739188721,0.5789473684210527
14,nn_regressor,"(80, 20, 40, 5)",identity,lbfgs,0.4832930238571752,0.5789473684210527
371,nn_regressor,"(75, 30, 50, 10, 3)",logistic,lbfgs,0.07847599703514607,0.5789473684210527
372,nn_regressor,"(75, 30, 50, 10, 3)",logistic,lbfgs,0.14384498882876628,0.5789473684210527
13,nn_regressor,"(80, 20, 40, 5)",identity,lbfgs,0.26366508987303583,0.5789473684210527
12,nn_regressor,"(80, 20, 40, 5)",identity,lbfgs,0.14384498882876628,0.5789473684210527
25,nn_regressor,"(80, 20, 40, 5)",identity,sgd,0.00206913808111479,0.5789473684210527
11,nn_regressor,"(80, 20, 40, 5)",identity,lbfgs,0.07847599703514607,0.5789473684210527
10,nn_regressor,"(80, 20, 40, 5)",identity,lbfgs,0.04281332398719392,0.5789473684210527
9,nn_regressor,"(80, 20, 40, 5)",identity,lbfgs,0.023357214690901212,0.5789473684210527
8,nn_regressor,"(80, 20, 40, 5)",identity,lbfgs,0.012742749857031334,0.5789473684210527
7,nn_regressor,"(80, 20, 40, 5)",identity,lbfgs,0.0069519279617756054,0.5789473684210527
6,nn_regressor,"(80, 20, 40, 5)",identity,lbfgs,0.00379269019073225,0.5789473684210527
42,nn_regressor,"(80, 20, 40, 5)",identity,adam,0.0003359818286283781,0.5789473684210527
18,nn_regressor,"(80, 20, 40, 5)",identity,lbfgs,5.455594781168514,0.5789473684210527
5,nn_regressor,"(80, 20, 40, 5)",identity,lbfgs,0.00206913808111479,0.5789473684210527
23,nn_regressor,"(80, 20, 40, 5)",identity,sgd,0.0006158482110660267,0.5789473684210527
27,nn_regressor,"(80, 20, 40, 5)",identity,sgd,0.0069519279617756054,0.5789473684210527
53,nn_regressor,"(80, 20, 40, 5)",identity,adam,0.26366508987303583,0.5789473684210527
52,nn_regressor,"(80, 20, 40, 5)",identity,adam,0.14384498882876628,0.5789473684210527
51,nn_regressor,"(80, 20, 40, 5)",identity,adam,0.07847599703514607,0.5789473684210527
50,nn_regressor,"(80, 20, 40, 5)",identity,adam,0.04281332398719392,0.5789473684210527
49,nn_regressor,"(80, 20, 40, 5)",identity,adam,0.023357214690901212,0.5789473684210527
48,nn_regressor,"(80, 20, 40, 5)",identity,adam,0.012742749857031334,0.5789473684210527
47,nn_regressor,"(80, 20, 40, 5)",identity,adam,0.0069519279617756054,0.5789473684210527
46,nn_regressor,"(80, 20, 40, 5)",identity,adam,0.00379269019073225,0.5789473684210527
28,nn_regressor,"(80, 20, 40, 5)",identity,sgd,0.012742749857031334,0.5789473684210527
4,nn_regressor,"(80, 20, 40, 5)",identity,lbfgs,0.0011288378916846883,0.5789473684210527
30,nn_regressor,"(80, 20, 40, 5)",identity,sgd,0.04281332398719392,0.5789473684210527
24,nn_regressor,"(80, 20, 40, 5)",identity,sgd,0.0011288378916846883,0.5789473684210527
29,nn_regressor,"(80, 20, 40, 5)",identity,sgd,0.023357214690901212,0.5789473684210527
22,nn_regressor,"(80, 20, 40, 5)",identity,sgd,0.0003359818286283781,0.5789473684210527
32,nn_regressor,"(80, 20, 40, 5)",identity,sgd,0.14384498882876628,0.5789473684210527
3,nn_regressor,"(80, 20, 40, 5)",identity,lbfgs,0.0006158482110660267,0.5789473684210527
43,nn_regressor,"(80, 20, 40, 5)",identity,adam,0.0006158482110660267,0.5789473684210527
2,nn_regressor,"(80, 20, 40, 5)",identity,lbfgs,0.0003359818286283781,0.5789473684210527
33,nn_regressor,"(80, 20, 40, 5)",identity,sgd,0.26366508987303583,0.5789473684210527
45,nn_regressor,"(80, 20, 40, 5)",identity,adam,0.00206913808111479,0.5789473684210527
378,nn_regressor,"(75, 30, 50, 10, 3)",logistic,lbfgs,5.455594781168514,0.5789473684210527
44,nn_regressor,"(80, 20, 40, 5)",identity,adam,0.0011288378916846883,0.5789473684210527
31,nn_regressor,"(80, 20, 40, 5)",identity,sgd,0.07847599703514607,0.5789473684210527
54,nn_regressor,"(80, 20, 40, 5)",identity,adam,0.4832930238571752,0.5789473684210527
610,nn_regressor,"(100, 50, 25, 10)",logistic,lbfgs,0.04281332398719392,0.5263157894736842
611,nn_regressor,"(100, 50, 25, 10)",logistic,lbfgs,0.07847599703514607,0.5263157894736842
604,nn_regressor,"(100, 50, 25, 10)",logistic,lbfgs,0.0011288378916846883,0.5263157894736842
608,nn_regressor,"(100, 50, 25, 10)",logistic,lbfgs,0.012742749857031334,0.5263157894736842
607,nn_regressor,"(100, 50, 25, 10)",logistic,lbfgs,0.0069519279617756054,0.5263157894736842
601,nn_regressor,"(100, 50, 25, 10)",logistic,lbfgs,0.00018329807108324357,0.5263157894736842
120,nn_regressor,"(80, 20, 40, 5)",logistic,lbfgs,0.0001,0.5263157894736842
616,nn_regressor,"(100, 50, 25, 10)",logistic,lbfgs,1.623776739188721,0.5263157894736842
617,nn_regressor,"(100, 50, 25, 10)",logistic,lbfgs,2.9763514416313193,0.5263157894736842
238,nn_regressor,"(80, 20, 40, 5)",tanh,adam,5.455594781168514,0.5263157894736842
239,nn_regressor,"(80, 20, 40, 5)",tanh,adam,10.0,0.5263157894736842
478,nn_regressor,"(75, 30, 50, 10, 3)",tanh,adam,5.455594781168514,0.5263157894736842
122,nn_regressor,"(80, 20, 40, 5)",logistic,lbfgs,0.0003359818286283781,0.5263157894736842
206,nn_regressor,"(80, 20, 40, 5)",tanh,sgd,0.00379269019073225,0.5263157894736842
165,nn_regressor,"(80, 20, 40, 5)",logistic,adam,0.00206913808111479,0.5263157894736842
166,nn_regressor,"(80, 20, 40, 5)",logistic,adam,0.00379269019073225,0.5263157894736842
167,nn_regressor,"(80, 20, 40, 5)",logistic,adam,0.0069519279617756054,0.5263157894736842
168,nn_regressor,"(80, 20, 40, 5)",logistic,adam,0.012742749857031334,0.5263157894736842
169,nn_regressor,"(80, 20, 40, 5)",logistic,adam,0.023357214690901212,0.5263157894736842
170,nn_regressor,"(80, 20, 40, 5)",logistic,adam,0.04281332398719392,0.5263157894736842
171,nn_regressor,"(80, 20, 40, 5)",logistic,adam,0.07847599703514607,0.5263157894736842
198,nn_regressor,"(80, 20, 40, 5)",tanh,lbfgs,5.455594781168514,0.5263157894736842
200,nn_regressor,"(80, 20, 40, 5)",tanh,sgd,0.0001,0.5263157894736842
201,nn_regressor,"(80, 20, 40, 5)",tanh,sgd,0.00018329807108324357,0.5263157894736842
202,nn_regressor,"(80, 20, 40, 5)",tanh,sgd,0.0003359818286283781,0.5263157894736842
203,nn_regressor,"(80, 20, 40, 5)",tanh,sgd,0.0006158482110660267,0.5263157894736842
679,nn_regressor,"(100, 50, 25, 10)",tanh,lbfgs,10.0,0.5263157894736842
204,nn_regressor,"(80, 20, 40, 5)",tanh,sgd,0.0011288378916846883,0.5263157894736842
695,nn_regressor,"(100, 50, 25, 10)",tanh,sgd,0.8858667904100823,0.5263157894736842
694,nn_regressor,"(100, 50, 25, 10)",tanh,sgd,0.4832930238571752,0.5263157894736842
693,nn_regressor,"(100, 50, 25, 10)",tanh,sgd,0.26366508987303583,0.5263157894736842
692,nn_regressor,"(100, 50, 25, 10)",tanh,sgd,0.14384498882876628,0.5263157894736842
691,nn_regressor,"(100, 50, 25, 10)",tanh,sgd,0.07847599703514607,0.5263157894736842
205,nn_regressor,"(80, 20, 40, 5)",tanh,sgd,0.00206913808111479,0.5263157894736842
655,nn_regressor,"(100, 50, 25, 10)",logistic,adam,0.8858667904100823,0.5263157894736842
236,nn_regressor,"(80, 20, 40, 5)",tanh,adam,1.623776739188721,0.5263157894736842
207,nn_regressor,"(80, 20, 40, 5)",tanh,sgd,0.0069519279617756054,0.5263157894736842
123,nn_regressor,"(80, 20, 40, 5)",logistic,lbfgs,0.0006158482110660267,0.5263157894736842
234,nn_regressor,"(80, 20, 40, 5)",tanh,adam,0.4832930238571752,0.5263157894736842
126,nn_regressor,"(80, 20, 40, 5)",logistic,lbfgs,0.00379269019073225,0.5263157894736842
127,nn_regressor,"(80, 20, 40, 5)",logistic,lbfgs,0.0069519279617756054,0.5263157894736842
128,nn_regressor,"(80, 20, 40, 5)",logistic,lbfgs,0.012742749857031334,0.5263157894736842
137,nn_regressor,"(80, 20, 40, 5)",logistic,lbfgs,2.9763514416313193,0.5263157894736842
160,nn_regressor,"(80, 20, 40, 5)",logistic,adam,0.0001,0.5263157894736842
161,nn_regressor,"(80, 20, 40, 5)",logistic,adam,0.00018329807108324357,0.5263157894736842
162,nn_regressor,"(80, 20, 40, 5)",logistic,adam,0.0003359818286283781,0.5263157894736842
217,nn_regressor,"(80, 20, 40, 5)",tanh,sgd,2.9763514416313193,0.5263157894736842
953,nn_regressor,"(200, 100, 50, 25)",tanh,adam,0.26366508987303583,0.5263157894736842
164,nn_regressor,"(80, 20, 40, 5)",logistic,adam,0.0011288378916846883,0.5263157894736842
214,nn_regressor,"(80, 20, 40, 5)",tanh,sgd,0.4832930238571752,0.5263157894736842
213,nn_regressor,"(80, 20, 40, 5)",tanh,sgd,0.26366508987303583,0.5263157894736842
212,nn_regressor,"(80, 20, 40, 5)",tanh,sgd,0.14384498882876628,0.5263157894736842
211,nn_regressor,"(80, 20, 40, 5)",tanh,sgd,0.07847599703514607,0.5263157894736842
210,nn_regressor,"(80, 20, 40, 5)",tanh,sgd,0.04281332398719392,0.5263157894736842
209,nn_regressor,"(80, 20, 40, 5)",tanh,sgd,0.023357214690901212,0.5263157894736842
208,nn_regressor,"(80, 20, 40, 5)",tanh,sgd,0.012742749857031334,0.5263157894736842
163,nn_regressor,"(80, 20, 40, 5)",logistic,adam,0.0006158482110660267,0.5263157894736842
423,nn_regressor,"(75, 30, 50, 10, 3)",tanh,lbfgs,0.0006158482110660267,0.5263157894736842
919,nn_regressor,"(200, 100, 50, 25)",tanh,lbfgs,10.0,0.5263157894736842
454,nn_regressor,"(75, 30, 50, 10, 3)",tanh,sgd,0.4832930238571752,0.5263157894736842
817,nn_regressor,"(200, 100, 50, 25)",relu,sgd,2.9763514416313193,0.5263157894736842
86,nn_regressor,"(80, 20, 40, 5)",relu,sgd,0.00379269019073225,0.5263157894736842
813,nn_regressor,"(200, 100, 50, 25)",relu,sgd,0.26366508987303583,0.5263157894736842
370,nn_regressor,"(75, 30, 50, 10, 3)",logistic,lbfgs,0.04281332398719392,0.5263157894736842
456,nn_regressor,"(75, 30, 50, 10, 3)",tanh,sgd,1.623776739188721,0.5263157894736842
455,nn_regressor,"(75, 30, 50, 10, 3)",tanh,sgd,0.8858667904100823,0.5263157894736842
453,nn_regressor,"(75, 30, 50, 10, 3)",tanh,sgd,0.26366508987303583,0.5263157894736842
821,nn_regressor,"(200, 100, 50, 25)",relu,adam,0.00018329807108324357,0.5263157894736842
452,nn_regressor,"(75, 30, 50, 10, 3)",tanh,sgd,0.14384498882876628,0.5263157894736842
451,nn_regressor,"(75, 30, 50, 10, 3)",tanh,sgd,0.07847599703514607,0.5263157894736842
450,nn_regressor,"(75, 30, 50, 10, 3)",tanh,sgd,0.04281332398719392,0.5263157894736842
420,nn_regressor,"(75, 30, 50, 10, 3)",tanh,lbfgs,0.0001,0.5263157894736842
448,nn_regressor,"(75, 30, 50, 10, 3)",tanh,sgd,0.012742749857031334,0.5263157894736842
447,nn_regressor,"(75, 30, 50, 10, 3)",tanh,sgd,0.0069519279617756054,0.5263157894736842
85,nn_regressor,"(80, 20, 40, 5)",relu,sgd,0.00206913808111479,0.5263157894736842
84,nn_regressor,"(80, 20, 40, 5)",relu,sgd,0.0011288378916846883,0.5263157894736842
445,nn_regressor,"(75, 30, 50, 10, 3)",tanh,sgd,0.00206913808111479,0.5263157894736842
329,nn_regressor,"(75, 30, 50, 10, 3)",relu,sgd,0.023357214690901212,0.5263157894736842
367,nn_regressor,"(75, 30, 50, 10, 3)",logistic,lbfgs,0.0069519279617756054,0.5263157894736842
857,nn_regressor,"(200, 100, 50, 25)",logistic,lbfgs,2.9763514416313193,0.5263157894736842
855,nn_regressor,"(200, 100, 50, 25)",logistic,lbfgs,0.8858667904100823,0.5263157894736842
854,nn_regressor,"(200, 100, 50, 25)",logistic,lbfgs,0.4832930238571752,0.5263157894736842
852,nn_regressor,"(200, 100, 50, 25)",logistic,lbfgs,0.14384498882876628,0.5263157894736842
331,nn_regressor,"(75, 30, 50, 10, 3)",relu,sgd,0.07847599703514607,0.5263157894736842
328,nn_regressor,"(75, 30, 50, 10, 3)",relu,sgd,0.012742749857031334,0.5263157894736842
824,nn_regressor,"(200, 100, 50, 25)",relu,adam,0.0011288378916846883,0.5263157894736842
77,nn_regressor,"(80, 20, 40, 5)",relu,lbfgs,2.9763514416313193,0.5263157894736842
321,nn_regressor,"(75, 30, 50, 10, 3)",relu,sgd,0.00018329807108324357,0.5263157894736842
320,nn_regressor,"(75, 30, 50, 10, 3)",relu,sgd,0.0001,0.5263157894736842
835,nn_regressor,"(200, 100, 50, 25)",relu,adam,0.8858667904100823,0.5263157894736842
828,nn_regressor,"(200, 100, 50, 25)",relu,adam,0.012742749857031334,0.5263157894736842
314,nn_regressor,"(75, 30, 50, 10, 3)",relu,lbfgs,0.4832930238571752,0.5263157894736842
446,nn_regressor,"(75, 30, 50, 10, 3)",tanh,sgd,0.00379269019073225,0.5263157894736842
449,nn_regressor,"(75, 30, 50, 10, 3)",tanh,sgd,0.023357214690901212,0.5263157894736842
440,nn_regressor,"(75, 30, 50, 10, 3)",tanh,sgd,0.0001,0.5263157894736842
549,nn_regressor,"(100, 50, 25, 10)",relu,lbfgs,0.023357214690901212,0.5263157894736842
110,nn_regressor,"(80, 20, 40, 5)",relu,adam,0.04281332398719392,0.5263157894736842
563,nn_regressor,"(100, 50, 25, 10)",relu,sgd,0.0006158482110660267,0.5263157894736842
439,nn_regressor,"(75, 30, 50, 10, 3)",tanh,lbfgs,10.0,0.5263157894736842
561,nn_regressor,"(100, 50, 25, 10)",relu,sgd,0.00018329807108324357,0.5263157894736842
781,nn_regressor,"(200, 100, 50, 25)",relu,lbfgs,0.00018329807108324357,0.5263157894736842
375,nn_regressor,"(75, 30, 50, 10, 3)",logistic,lbfgs,0.8858667904100823,0.5263157894736842
441,nn_regressor,"(75, 30, 50, 10, 3)",tanh,sgd,0.00018329807108324357,0.5263157894736842
442,nn_regressor,"(75, 30, 50, 10, 3)",tanh,sgd,0.0003359818286283781,0.5263157894736842
554,nn_regressor,"(100, 50, 25, 10)",relu,lbfgs,0.4832930238571752,0.5263157894736842
553,nn_regressor,"(100, 50, 25, 10)",relu,lbfgs,0.26366508987303583,0.5263157894736842
437,nn_regressor,"(75, 30, 50, 10, 3)",tanh,lbfgs,2.9763514416313193,0.5263157894736842
443,nn_regressor,"(75, 30, 50, 10, 3)",tanh,sgd,0.0006158482110660267,0.5263157894736842
803,nn_regressor,"(200, 100, 50, 25)",relu,sgd,0.0006158482110660267,0.5263157894736842
801,nn_regressor,"(200, 100, 50, 25)",relu,sgd,0.00018329807108324357,0.5263157894736842
432,nn_regressor,"(75, 30, 50, 10, 3)",tanh,lbfgs,0.14384498882876628,0.5263157894736842
808,nn_regressor,"(200, 100, 50, 25)",relu,sgd,0.012742749857031334,0.5263157894736842
421,nn_regressor,"(75, 30, 50, 10, 3)",tanh,lbfgs,0.00018329807108324357,0.5263157894736842
422,nn_regressor,"(75, 30, 50, 10, 3)",tanh,lbfgs,0.0003359818286283781,0.5263157894736842
429,nn_regressor,"(75, 30, 50, 10, 3)",tanh,lbfgs,0.023357214690901212,0.5263157894736842
430,nn_regressor,"(75, 30, 50, 10, 3)",tanh,lbfgs,0.04281332398719392,0.5263157894736842
573,nn_regressor,"(100, 50, 25, 10)",relu,sgd,0.26366508987303583,0.5263157894736842
564,nn_regressor,"(100, 50, 25, 10)",relu,sgd,0.0011288378916846883,0.5263157894736842
431,nn_regressor,"(75, 30, 50, 10, 3)",tanh,lbfgs,0.07847599703514607,0.5263157894736842
444,nn_regressor,"(75, 30, 50, 10, 3)",tanh,sgd,0.0011288378916846883,0.5263157894736842
91,nn_regressor,"(80, 20, 40, 5)",relu,sgd,0.07847599703514607,0.5263157894736842
805,nn_regressor,"(200, 100, 50, 25)",relu,sgd,0.00206913808111479,0.5263157894736842
574,nn_regressor,"(100, 50, 25, 10)",relu,sgd,0.4832930238571752,0.5263157894736842
